insert into "school" ("school_number", "school_name") values (1, 'Факультет 1');
insert into "school" ("school_number", "school_name") values (2, 'Факультет 2');
insert into "school" ("school_number", "school_name") values (3, 'Факультет 3');
insert into "school" ("school_number", "school_name") values (4, 'Факультет 4');
insert into "school" ("school_number", "school_name") values (5, 'Факультет 5');



insert into "batch" ("batch_number", "batch_school_id") values ('111',1);
insert into "batch" ("batch_number", "batch_school_id") values ('112',1);
insert into "batch" ("batch_number", "batch_school_id") values ('113',1);
insert into "batch" ("batch_number", "batch_school_id") values ('121',1);
insert into "batch" ("batch_number", "batch_school_id") values ('122',1);
insert into "batch" ("batch_number", "batch_school_id") values ('123',1);
insert into "batch" ("batch_number", "batch_school_id") values ('411',4);
insert into "batch" ("batch_number", "batch_school_id") values ('412',4);
insert into "batch" ("batch_number", "batch_school_id") values ('413',4);
insert into "batch" ("batch_number", "batch_school_id") values ('421',4);
insert into "batch" ("batch_number", "batch_school_id") values ('422',4);
insert into "batch" ("batch_number", "batch_school_id") values ('423',4);

--insert into STUDENT(STUD_FNAME,STUD_PNAME, STUD_LNAME,STUD_NUM_ZACH,STUD_BATCH_ID) values('Иван','Иванович','Иванов','А112/2016',1);
--insert into STUDENT(STUD_FNAME,STUD_PNAME, STUD_LNAME,STUD_NUM_ZACH,STUD_BATCH_ID) values('Петр','Петрович','Петров','А113/2016',1);
--insert into STUDENT(STUD_FNAME,STUD_PNAME, STUD_LNAME,STUD_NUM_ZACH,STUD_BATCH_ID) values('Сидор','Сидорович','Сидоров','А114/2016',2);
--insert into STUDENT(STUD_FNAME,STUD_PNAME, STUD_LNAME,STUD_NUM_ZACH,STUD_BATCH_ID) values('Семен','Семенович','Семенов','А115/2016',2);
