insert into "school" ("school_number", "school_name") values (1, 'Факультет 1');
insert into "school" ("school_number", "school_name") values (2, 'Факультет 2');
insert into "school" ("school_number", "school_name") values (3, 'Факультет 3');
insert into "school" ("school_number", "school_name") values (4, 'Факультет 4');
insert into "school" ("school_number", "school_name") values (5, 'Факультет 5');


insert into "batch" ("batch_number", "batch_school_id") values ('111',1);
insert into "batch" ("batch_number", "batch_school_id") values ('112',1);
insert into "batch" ("batch_number", "batch_school_id") values ('113',1);
insert into "batch" ("batch_number", "batch_school_id") values ('121',1);
insert into "batch" ("batch_number", "batch_school_id") values ('122',1);
insert into "batch" ("batch_number", "batch_school_id") values ('123',1);
insert into "batch" ("batch_number", "batch_school_id") values ('411',4);
insert into "batch" ("batch_number", "batch_school_id") values ('412',4);
insert into "batch" ("batch_number", "batch_school_id") values ('413',4);
insert into "batch" ("batch_number", "batch_school_id") values ('421',4);
insert into "batch" ("batch_number", "batch_school_id") values ('422',4);
insert into "batch" ("batch_number", "batch_school_id") values ('423',4);


insert into "user" ("login", "hash") values ('guest','$2a$10$6mf3CesQx9eRGB4B3sjr8e1eSr5cYO/zt87bwYVdA4O8rmjDMDdHO');
insert into "user" ("login", "hash") values ('admin','$2a$10$6mf3CesQx9eRGB4B3sjr8e1eSr5cYO/zt87bwYVdA4O8rmjDMDdHO');
